{
    "stat_table": {
        "str": 10,
        "def": 10,
        "hp": 200,
        "mp": 200,
        "hp_auto_recover_amount": 5,
        "mp_auto_recover_amount": 5,
        "max_exp": 10.0
    },
    "level": 2,
    "exp": 6,
    "gold": 4823000,
    "current_position": {
        "x": 65.16999816894531,
        "y": 3.25,
        "z": 0.29000043869018557
    },
    "current_rotation": {
        "x": 0.0,
        "y": 0.7071068286895752,
        "z": 0.0,
        "w": 0.7071068286895752
    }
}